vendedor,zona,senioridad,ventas,revenue,ganancia,comisiones,margen,dias_cierre,rating,pct_premium,revenue_share,ganancia_por_venta,rank_ventas,rank_ganancia,rank_margen,rank_dias_cierre,score_total,ranking_final
Joaquín Torres,Sur,Semi-Senior,526,8791955848,2388581829,237848968,26.291634980988594,9.838403041825096,4.250950570342205,0.4524714828897338,13.42812992597219,4541030.0931558935,2,1,3,1,7,1
Martín López,Oeste,Junior,509,8355175581,2283981319,165502040,26.296463654223967,10.677799607072691,4.1944990176817285,0.41846758349705304,12.761026692541938,4487193.161100197,3,2,2,5,12,2
Sofía Herrera,Sur,Senior,489,8094070563,2207365617,276571376,26.47443762781186,10.159509202453988,4.212678936605317,0.4130879345603272,12.362235778819947,4514040.116564417,6,6,1,2,15,3
Carlos Méndez,Norte,Senior,499,8228145797,2221076420,262589291,26.25991983967936,10.170340681362726,4.208416833667335,0.43286573146292584,12.567011563995973,4451054.949899799,4,5,4,3,16,4
Diego Romero,Centro,Junior,530,8407639837,2260260316,183067665,26.163018867924528,10.69245283018868,4.2,0.4037735849056604,12.841156399539697,4264642.105660377,1,3,8,6,18,5
Valentina Cruz,Este,Senior,489,8171474678,2221223364,288740231,26.19795501022495,10.25357873210634,4.220858895705521,0.4069529652351738,12.480456631039234,4542379.067484663,6,4,6,4,20,6
Lucía Fernández,Norte,Semi-Senior,492,7967420614,2166015637,207215212,26.244918699186993,10.91260162601626,4.146341463414634,0.4105691056910569,12.168800779862735,4402470.806910569,5,7,5,8,25,7
Paula Gómez,Centro,Senior,466,7458281366,2019113238,246328672,26.184549356223176,10.78969957081545,4.216738197424893,0.4291845493562232,11.391182228228287,4332861.025751073,8,8,7,7,30,8
